name,id_okpdtr,okpdtr
Управляющий отделом гипермаркета,,
Директор магазина,,
Продавец-консультант ZARINA (ТЦ Ройял Парк),,
Официант (ст.метро Заельцовская),,
Продавец-консультант (ТРК Галерея),,
Руководитель аптечной сети,,
Руководитель отдела по развитию розничных продаж (традиционная торговля),,
Территориальный менеджер/Управляющий розничной сетью,,
Менеджер по продажам,49302,Менеджер по персоналу
Менеджер по продаже оборудования (Светодиодные экраны),,
Менеджер продаж запчастей для спецтехники,,
Курьер к партнеру сервиса Яндекс.Еда,,
Руководитель кредитно-кассового офиса,,
Региональный менеджер СФО,,
Медицинский представитель (женское и мужское здоровье),,
Продавец-консультант в магазин (Вокзальная Магистраль),49890,Редактор-консультант
Операционист по обслуживанию юридических лиц,,
"Инженер снабжения (тепловые пункты, котельные, тепловые сети)",,
Продавец-консультант салона связи TELE2 (Вокзал Главный),,
Бизнес-тренер,,
Директор филиала (Коммерческий директор),,
Управляющий группой магазинов (Супервайзер),,
Региональный директор,,
Менеджер по продажам металлопроката,,
Управляющий областного центра ( г. Омск и Омская область),,
UX/UI-дизайнер,,
Продавец-кассир (ТЦ Эдем микрорайон Академгородок),,
Оператор call-центра,,
Управляющий рестораном,50245,Управляющий трестом
Территориальный менеджер по продажам Diversey,,
Директор по маркетингу с функциями исполнительного (ТД Лючера),,
Руководитель кредитно-кассового офиса,,
Ведущий менеджер по продажам (руководитель проекта),,
Продавец-консультант (ТЦ Голден Парк),49890,Редактор-консультант
Специалист технической поддержки пользователей,,
"Продавец-кассир (ТЦ ""Галерея Новосибирск"")",,
Комендант учебного корпуса,,
"Продавец-консультант в магазин Levi`s (ТЦ ""Галерея"" Новосибирск)",49890,Редактор-консультант
Менеджер по работе со страховыми компаниями,,
Инженер по тендерам и материальному снабжению,,
Тендер-менеджер (специалист по тендерам),,
"Продавец-консультант в ТЦ ""Мега""",49890,Редактор-консультант
Прораб,,
Медицинский представитель,,
Продавец / Работник торгового зала (ТЦ Аура),,
Логист,,
Региональный менеджер по продажам,,
Механик по ремонту спецтехники (г.Свободный Амурской области),,
Машинист буровой установки (помощник) УРБ,44384,Машинист буровой установки
Продавец-универсал,,
Менеджер проектов / Аккаунт-менеджер,,
Директор магазина ORGANIC SHOP в г. Новосибирск,,
Digital-стратег/консультант по сквозной аналитике,,
Ведущий инженер по надзору за строительством,,
"Кассир (ТЦ ""Мега"" )",49086,Кассир
Системный администратор,,
Официант В Азбуку Суши,45785,Официант
Специалист по сопровождению лизинговых сделок,,
Специалист по работе с клиентами,,
Специалист тендерного отдела (малые закупки),,
Менеджер в отдел продаж застройщика,49291,Менеджер
"Директор магазина (Новосибирск, ул Лазурная, 24)",,
Графический дизайнер (удаленно),,
Кладовщик (ТЦ Галерея),43976,Кладовщик
Менеджер по продажам онлайн курсов китайского языка,,
Руководитель отдела продаж,49945,Руководитель полетов
Управляющий сменой гипермаркета,,
Производитель общестроительных работ,,
Территориальный управляющий,,
Директор магазина,,
Персональный водитель руководителя,,
"Медицинский представитель (Педиатрия, Декретная ставка)",,
Key account manager (КАМ) по работе с региональными аптечными сетями,,
UI / UX дизайнер,,
Региональный представитель по промышленному оборудованию,,
"Продавец-консультант (ТЦ ""Галерея Новосибирск"")",49890,Редактор-консультант
Медицинский представитель (детское питание),,
"Фармацевт-провизор (Учительская,Объединения,Б.Хмельницкого,Зыряновская, Горский, Фадеева,Галущака)",,
Медицинский представитель (гинекология),,
Продавец - консультант,,
Специалист по кадровому делопроизводству,,
"Продавец-кассир (Новосибирск, ул Никитина, 62)",,
Персональный водитель руководителя,,
Продавец цифровой/бытовой техники (Троллейный ЖМ),,
Медицинский представитель (женское и мужское здоровье),,
Региональный представитель,,
Машинист ДСУ (помощник дробильщика),49280,Машинистка
Директор управления охраны,48533,Директор управления Сбербанка
SEO-специалист,50028,Специалист
Менеджер по продажам / оператор Call-центра,,
Заместитель директора торгового комплекса,,
Автоэлектрик,,
"Монтажник (тепловые пункты, котельные, тепловые сети)",,
Сортировщик на документы (Офисы есть в разных районах),,
Ведущий инженер (строительно-монтажное управление),,
Слесарь по ремонту дорожно-строительных машин и тракторов (Ямал),46837,Слесарь по ремонту дорожно-строительных машин и тракторов
Главный бухгалтер,48219,Главный бухгалтер
Официант (ст.метро Площадь Ленина),,
Специалист по отчетности,,
Водитель-экспедитор,,
Работник торгового зала супермаркета (Новосибирск),,
Специалист по техническим вопросам,,
Менеджер по продажам медицинского оборудования (Хирургия),,
Управляющий дополнительным офисом (Академгородок),,
"Директор магазина (Новосибирск, ул Объединения, 94)",,
Инженер по качеству технического бюро ОТК,,
"Data-engineer (разработчик PHP, Python)",46404,Размотчик
"Продавец-кассир (Новосибирск, ул Дуси Ковальчук, 276)",,
Врач-акушер-гинеколог (гинекологическое отделение),,
Менеджер продаж,,
Продавец-кассир (ТРЦ Аура),,
Директор кондитерского производства,,
Управляющий розничным магазином,,
Слесарь по ремонту автомобилей (Ямал),46834,Слесарь по ремонту автомобилей
Менеджер по продажам автомобилей (ДЦ KIA/NISSAN),,
Коммерческий директор,,
Руководитель филиала,,
Бригада отделочников (Ленинский район),,
Ведущий менеджер региональных продаж,,
Преподаватель (учитель) английского языка,,
Менеджер по продажам (сетевые клиенты),,
Инженер ПТО (тепловые пункты/котельные/тепловые сети),,
Машинист катка,49280,Машинистка
Заместитель технического директора по техническому обслуживанию оборудования,,
Начальник отдела развития легкой сети и организации продаж,,
Торговый представитель,,
Консультант контактного центра,,
Продавец-кассир (ТЦ Горский),,
Директор по продажам,48477,Директор ипподрома
Директор охранного предприятия,,
Управляющий торговым центром,,
Директор по развитию розничной сети,,
Специалист по коммерческой недвижимости (Брокеридж),,
Заведующая/заведующий аптеками (пл.Калинина/пл Ленина),,
Бригадир (клининг),,
Продавец-консультант Tezenis (ТЦ Аура),,
Системный аналитик,,
Руководитель группы оформления и выдачи кредитов малого и среднего бизнеса,,
Управляющий операционным офисом,,
Менеджер активных продаж,,
Ведущий интернет-маркетолог,,
"Продавец-консультант/ кассир в парфюмерный супермаркет ""Золотое яблоко""",,
Менеджер по работе с аптечными сетями в Сибири,,
Менеджер по клинингу,,
Менеджер по работе с банками и лизинговыми компаниями (сопровождение продаж),,
Менеджер абонентского обслуживания юридических лиц,,
"Ведущий специалист ОВ, ВК, ЭМ, СС",,
"Продавец -консультант в магазин Overkill (ТЦ ""Аура"")",,
Менеджер по работе с клиентами (Дзержинский р-он),,
Графический дизайнер,,
Project-manager / Менеджер IT-проектов,,
"Продавец-кассир (Новосибирск, ул Виктора Уса, 15/2)",,
Администратор салона красоты (Lapkina hair studio),48015,Администратор зала
Медицинский представитель (женское здоровье),,
Менеджер по закупу зерна (конкурентный закуп),,
Менеджер по продажам,49302,Менеджер по персоналу
Менеджер по развитию и административно-хозяйственной деятельности,,
Заместитель директора кинотеатра,,
Контент-менеджер,,
Главный менеджер по работе с банками и лизинговыми компаниями,,
Бизнес-аналитик,,
Руководитель IT-проектов (project manager),49945,Руководитель полетов
Инженер-конструктор (Сопровождение производства),,
Финансовый директор,,
Прораб общестроительных работ,,
Начальник ремонтно-строительного участка,,
Директор по персоналу (Пермь/ Нижневартовск),48513,Директор промысла
Ведущий юрисконсульт,,
"Начинающий специалист/Продавец-дизайнер в салон мебели ""Лазурит"" на левый берег",,
Руководитель строительного проекта (г.Свободный Амурской области),,
Менеджер по поиску объектов недвижимости,,
Прораб (строительство коммерческой и жилой недвижимости),,
"Продавец-дизайнер корпусной мебели в салон ""Лазурит""",,
Риэлтор/Агент по недвижимости,,
Врач ультразвуковой диагностики,,
"Менеджер СМР проекта (тепловые пункты, котельные, тепловые сети)",,
Агент по продажам недвижимости в г. Сочи,47991,Агент по продаже недвижимости
Ведущий специалист по продажам,,
Театральный администратор,,
Менеджер по логистике,,
Менеджер по логистике,,
Торговый представитель,,
Специалист контакт-центра,,
Финансовый директор,,
Коммерческий директор,,
Руководитель отдела продаж металлопроката,,
Начальник смены,49612,Начальник тюрьмы
Заместитель начальника отдела кадров,,
Официант (Красный пр-кт),,
Веб-разработчик frontend (react),,
Директор филиала (beauty-индустрия),,
Продавец-консультант в ювелирный салон,49890,Редактор-консультант
Прораб,,
Руководитель склада,,
Старший медицинский представитель (направление ревматологии),,
Хостес (ст.метро Площадь Ленина),,
Менеджер по продажам,49302,Менеджер по персоналу
Бухгалтер на участок ТМЦ и ОС (Ямал),,
Директор филиала (релокация),,
Менеджер по аренде коммерческих помещений,,
Специалист call-центра,50028,Специалист
Главный специалист отдела розничных продаж,,
"Кредитный специалист (автокредитование, г. Новосибирск)",,
"Директор дивизиона Сибирь, Дальний Восток",,
Менеджер по развитию бизнеса (продукты в области распределения энергии),,
Заместитель директора магазина ZARINA (ТЦ АУРА),,
Руководитель отдела продаж,49945,Руководитель полетов
Продавец-консультант,49890,Редактор-консультант
Специалист службы безопасности (в кредитную организацию),,
Медицинский представитель (Левый берег),,
"Инженер-теплотехник (тепловые пункты, котельные, тепловые сети)",,
Заместитель директора в магазин молодёжной одежды Sinsay (ТРЦ Сибирский Молл),,
Пивовар,,
Менеджер по рекламе,49304,Менеджер по рекламе
Руководитель по развитию монобрендового канала продаж,,
Агент по доставке продуктов Тинькофф,,
Менеджер по продажам смазочных материалов (индустриальный сегмент),,
Менеджер объекта (клининг),,
Менеджер по продаже автомобилей Ауди,,
Специалист по корпоративным продажам,,
Консультант по бухгалтерским системам учета,,
"Продавец-эксперт (ТЦ Левобережный, ТЦ Штерн, ТЦ Практик, ТЦ Эдем)",,
Главный инженер проекта,48269,Главный инженер проекта
"Продавец-консультант (ТЦ ""Версаль"")",49890,Редактор-консультант
Менеджер по продаже сетки сварной,,
Старший мастер по ремонту оборудования котельного и пылеприготовления в местах его установки,,
Заместитель руководителя сети по продажам,,
Продавец-консультант Levi`s (ТЦ «Аура»),,
Руководитель отдела корпоративных продаж,,
Эксперт по анализу бизнес-процессов (реинжиниринг бизнес процессов),,
Казначей,49064,Казначей
Прораб отделочных работ,,
Web-дизайнер,,
Специалист по выдаче займов ( ул.Станиславского),,
Региональный представитель по ручному инструменту,,
Медицинский представитель (Rx cardio),,
Машинист экскаватора (Иркутская область),,
"Продавец-кассир (Новосибирск, ул 25 лет Октября, 5)",,
Монтажник стальных и ЖБК конструкций,,
Менеджер по недвижимости (Красный проспект),,
Врач-стоматолог,,
"Региональный директор, Подразделение Люкс, г. Новосибирск",,
Кассир,49086,Кассир
Бухгалтер-оператор,,
"Руководитель проекта (республика Саха, Якутия, участки Маят, Молодо)",49945,Руководитель полетов
Администратор салона красоты,48015,Администратор зала
Технический директор (главный инженер по эксплуатации),,
Продавец-консультант в салон связи МегаФон (м. Березовая Роща),49890,Редактор-консультант
Горный мастер КОГР,,
Руководитель секции,,
Руководитель проекта по направлению «Оптимизации производственных потоков и процессов»,,
Менеджер по продажам кредитных продуктов,,
"Продавец-кассир (ТЦ ""Сан Сити"")",,
Продавец-консультант выходного дня (ТЦ Галерея),,
Тестировщик ПО,,
Юрисконсульт,50391,Юрисконсульт
Специалист по подбору персонала (рекрутер),50049,Специалист по кадрам
Менеджер по продаже автомобилей,,
Специалист отдела недвижимости и эксплуатации зданий,,
Технолог-разработчик,,
Медицинский представитель,,
Начальник отдела продаж (Застройщик),,
Консультант линии поддержки абонентов,,
Врач методист,48140,Врач-методист
Инженер-наладчик (тепловые пункты/котельные/тепловые сети),,
Инженер по комплектации,48848,Инженер по комплектации оборудования
"Продавец-кассир (Новосибирск, ул Лазурная, 24)",,
Продавец - консультант,,
Маркетолог,48091,Бактериолог
Продавец-консультант INCITY (ТЦ Галерея),,
Маркетолог,48091,Бактериолог
Водитель с личным автомобилем,,
Директор по развитию розничной сети,,
Сборщик рекламных конструкций,,
Экономист,50342,Экономист
Специалист по инвентаризации (г. Новосибирск),50048,Специалист по защите информации
Руководитель группы магазинов/ Супервайзер,,
Менеджер по работе с архитекторами и дизайнерами,,
"Продавец-стилист модной женской одежды Красный Проспект, дом 22",,
"Менеджер по ключевым клиентам (неврология, пульмонология)",,
"Продавец-консультант в ТЦ ""Сибирский-Мол""",49890,Редактор-консультант
Продавец-консультант,49890,Редактор-консультант
Товарный аналитик (менеджер по закупу),,
Специалист-консультант группы Брокер (колл-центр БКС),,
Региональный представитель в сфере горнодобывающей техники,,
Менеджер активных продаж (корпоративные клиенты),,
Менеджер по работе с клиентами,,
"Директор магазина (Новосибирск, ул Троллейная, 152А)",,
Интернет-маркетолог \ direct маркетинг менеджер (французский язык),,
Медицинский представитель / Менеджер по продажам,,
Инструктор детских групповых программ (единоборства),,
Менеджер по сопровождению клиентов,,
Оператор ПК/Специалист по работе с документами,,
"Администратор магазина ТРЦ ""Сан Сити""",48015,Администратор зала
"Заместитель директора магазина (г. Новосибирск, ул. Карла Маркса, ТЦ ""Метромаркет "")",,
SMM-менеджер,49291,Менеджер
Специалист по работе с обращениями по направлению личного страхования,,
Куратор по строительству,,
Продавец-консультант в магазин ювелирных украшений,49890,Редактор-консультант
Менеджер по автокредитованию,,
Продавец-консультант,49890,Редактор-консультант
Медицинский представитель,,
Ведущий менеджер по работе с ключевыми клиентами,,
"Официант (ТЦ Пирамида, Красный пр-кт)",45785,Официант
"Заместителя директора (ТЦ ""Аура"")",,
Медицинская сестра/ медицинский брат,49376,Медицинская сестра кабинета
"Продавец-консультант (ТЦ ""Калейдоскоп комфорта и уюта"")",49890,Редактор-консультант
Технический Директор Завода / Главный Инженер Завода,,
Продавец-консультант (ост. Цирк),,
Супервайзер по мерчандайзингу,,
Координатор отдела кадров,,
Кассир-операционист в отделение банка (г. Новосибирск),,
Инженер-энергетик (Якутия),48951,Инженер-энергетик
"Инженер по ОТ, ПБ и Экологии / Заместитель главного инженера по ОТ, ПБ и Экологии",,
Медицинский представитель RX (кардио),,
Юрисконсульт,50391,Юрисконсульт
"Руководитель отдела маркетинга, рекламы PR",,
Риэлтор-стажер,,
Хостес (Красный пр-кт 17),,
Менеджер по продажам со знанием английского языка / Sales Manager,,
Юрист/Главный специалист по судебной работе,,
Продавец-консультант Calzedonia (ТЦ Аура),,
Финансовый аналитик,,
"Продавец-консультант (ТЦ ""Сибирский Молл"")",49890,Редактор-консультант
SEO специалист,50028,Специалист
Начальник единого диспетчерского центра,,
Менеджер по сопровождению и развитию (франчайзинговое направление),,
Менеджер по маркетингу и рекламе,,
Специалист отдела закупок (ревизор),,
"Продавец-кассир (Новосибирск, ул Одоевского, 1/12)",,
Слесарь-сантехник,46858,Слесарь-сантехник
"Монтажная бригада (тепловые пункты, котельные, тепловые сети)",,
Фельдшер-лаборант,50264,Фельдшер-лаборант
Инженер ПТО (Амурская область),,
Агроном-консультант,,
Специалист в области охраны труда и техники безопасности (производство),50028,Специалист
Консультант в розничный салон,49134,Консультант
Главный специалист-геолог,48319,Главный специалист
Менеджер в отдел телефонных продаж,49291,Менеджер
Директор гипермаркета (на Дальний Восток),,
"Директор магазина (Новосибирск, ул Зорге, 1А)",,
Менеджер проектов,,
Seo специалист / LinkBuilder,50028,Специалист
Водитель,,
QA - инженер,48799,Инженер
Администратор супермаркета (ул. Депутатская),48017,Администратор суда
Ведущий специалист по автокредитованию,,
Медицинский представитель,,
Специалист по организации розничной торговли,,
Web-разработчик (Front-end),46404,Размотчик
"Мастер СМР (технологический участок, Якутия)",,
Управляющий директор бара,,
Бухгалтер (бюджет),48104,Бухгалтер
PHP-программист,49855,Программист
"Продавец-консультант (ТЦ ""Мега"")",49890,Редактор-консультант
Бухгалтер на первичную документацию,48104,Бухгалтер
Администратор офиса,48017,Администратор суда
Продавец-кассир (ТРЦ Мега),,
Помощник в архив,,
Специалист по логистике,50059,Специалист по эргономике
Продавец-консультант,49890,Редактор-консультант
Менеджер по работе с клиентами,,
Помощник менеджера по грузоперевозкам,,
Администратор в Санкт-Петербургскую школу Красоты,48012,Администратор
"Менеджер по продаже автомобилей с пробегом в автосалон Хендэ, Сузуки",,
Супервайзер по работе с ключевыми клиентами,,
Сортировщик документов,46938,Сортировщик электродов
Менеджер по продажам X-FitT Сан Сити,,
Руководитель АХД,,
Территориальный менеджер,,
"Продавец-консультант в ТЦ ""Роял-Парк""",49890,Редактор-консультант
Менеджер дистанционных продаж инвестиционных продуктов ФГ БКС,,
Бухгалтер,48104,Бухгалтер
Менеджер по продажам строительных материалов,,
Тренер по продукту,,
Начальник охраны,49610,Начальник тони
Специалист по подбору персонала,50049,Специалист по кадрам
Директор магазина Магнит-Косметик (ул. Кубовая),,
Торговый представитель (Новосибирск),49822,Торговый представитель Российской Федерации
Менеджер по продаже сельхозтехники и запасных частей,,
Продавец-консультант салона связи TELE2 (м. Красный проспект),,
"Старший продавец магазина ""Магнит-Косметик"" (Октябрьский р-н)",,
Рабочий по комплексному обслуживанию и ремонту зданий (3 разряд),46341,Рабочий по комплексному обслуживанию и ремонту зданий
Шиномонтажник,,
Управляющий сервисного центра,,
Бренд - менеджер,,
Главный специалист по работе с партнерами (лизинг),,
Ведущий специалист отдела мониторинга качества,,
Продавец-консультант выходного дня,,
Управляющий магазином,,
Финансовый аналитик,,
Директор филиала (УРФО),,
Менеджер по развитию бизнеса,,
Бренд - менеджер по продукции / Продукт менеджер по оборудованию,,
Руководитель группы абонентского обслуживания ЮЛ,,
Менеджер по продажам оборудования (г. Новосибирск),,
Старший менеджер по эксплуатации Спортмастер,,
"Продавец-кассир (Новосибирск, ул Одоевского, 17)",,
"Менеджер продаж отдела ""Кухни/Мебель""",,
Ведущий инженер-технолог по направлению «Керамические материалы»,,
"Мастер СМР (бетон, отделка, Якутия)",,
Управляющий бутика (магазина брендовой одежды),,
"Кладовщик (ТЦ ""Мега"")",43976,Кладовщик
Заместитель главного инженера,,
Руководитель коммерческого отдела,,
Мастер литейного участка,,
Продавец-консультант кухонной мебели,,
Продавец- консультант кухонной мебели в салон Калейдоскоп комфорта и уюта,,
Руководитель отдела телемаркетинга,,
Медицинский представитель (Кардиология),,
Менеджер по региональным продажам (распределение электроэнергии),,
"Инженер-технолог (производство мороженого, Краснообск)",,
Директор по продажам кредитных продуктов корпоративного бизнеса,,
Руководитель Отделения банка,,
Помощник технолога (пищевое производство),,
Директор филиала,,
Менеджер по продажам в салон связи,49302,Менеджер по персоналу
Ведущий инженер,,
Менеджер по продажам,49302,Менеджер по персоналу
Специалист по железнодорожным перевозкам,,
Помошник юриста,,
Медицинская сестра в отделение функциональной диагностики,49283,Медицинская сестра
Врач-статистик/ врач-методист,,
Медицинская сестра по массажу в физиотерапевтическое отделение,49380,Медицинская сестра по массажу
"Продавец-кассир (Новосибирск, ул Залесского, 8/1)",,
Начальник участка,49485,Начальник маяка
"Директор магазина (Новосибирск, ул Одоевского, 1/12)",,
Инженер по планированию производства (ПДО),,
Медицинский представитель,,
Специалист по подбору электротехнической продукции в 1С,,
Плиточник-отделочник,,
Торговый представитель,,
Консультант (м. Берёзовая Роща),,
Продавец-консультант в ортопедический салон Ортека,49890,Редактор-консультант
Заместитель начальника отдела производственного планирования и контроля,,
Региональный менеджер по продажам,,
Начальник отдела интернет-коммуникаций,,
Руководитель проекта,49945,Руководитель полетов
Офис-менеджер,49291,Менеджер
Руководитель отдела маркетинга и рекламы,,
Менеджер по работе с клиентами (Представитель бренда IQOS),,
Начинающий специалист,,
Консультант,49134,Консультант
Менеджер по тендерам,49304,Менеджер по рекламе
Оператор call-центра,,
Представитель Тинькофф,,
Официант,45785,Официант
Юрист,,
Удаленный преподаватель английского языка,,
"Продавец цифровой/бытовой техники (ТЦ Континент, Гусинобродское шоссе)",,
Менеджер по продажам на мягкую мебель,,
Юрист по лицензированию,,
Ведущий юрист,,
Главный бухгалтер,48219,Главный бухгалтер
Специалист по работе с клиентами,,
Продавец-консультант,49890,Редактор-консультант
Диспетчер в службу приема и размещения,48553,Диспетчер
Начальник производственно-технического отдела (Якутия),,
Директор магазина,,
Старший юрист,,
Кредитный эксперт (автокредитование),,
Специалист по ипотечному кредитованию,,
Помощник пекаря (Новосибирск),,
Торговый представитель (Ленинский район),,
Экономист (производство),,
Менеджер в отдел телефонных продаж (без поиска),49291,Менеджер
"Продавец магазина ""Магнит-Косметик"" (Октябрьский р-н)",,
Продавец-консультант (ТРЦ Галерея),49890,Редактор-консультант
Специалист по автокредитованию,,
Продавец-консультант,49890,Редактор-консультант
Шеф-повар,50319,Шеф-повар
"Продавец-консультант в Milavitsa (ТЦ ""Галерея"")",49890,Редактор-консультант
Начальник отдела продаж,,
Супервайзер торговых представителей,,
Территориальный директор,,
Хостес,,
Начальник Отдела розничного бизнеса,,
Маркетолог/заместитель директора по маркетингу,,
Руководитель логистики региона Сибирь,,
Официант,45785,Официант
Менеджер по продаже продуктов малого и среднего бизнеса,,
"Продавец-кассир (Новосибирск, ул Танковая, 47)",,
Инструктор по газобезопасности (в ХМАО),,
"Менеджер по продажам (автоматизация систем вентиляции, отопления и водоснабжения)",,
Монтажник сантехнических систем и оборудования,44907,Монтажник санитарно-технических систем и оборудования
Фуллстэк-разработчик JS + PHP + NodeJS,,
Токарь-карусельщик,47162,Токарь-карусельщик
Водитель-экспедитор категории Е,,
Водитель такси,,
"Фармацевт (ж/м Нижняя Ельцовка, ул.Зеленая Горка)",,
Специалист/ведущий специалист(главный специалист по продаже ипотечных кредитов),,
Директор по персоналу,48513,Директор промысла
Старший специалист по контекстной рекламе,,
Главный менеджер по работе с малым бизнесом,,
"Продавец-консультант (г. Новосибирск, ул. Мичурина)",49890,Редактор-консультант
Руководитель отдела продаж (Экспертиза промышленной безопасности),,
Региональный директор / Директор дивизиона (г.Новосибирск),,
Помощник главного бухгалтера,,
Менеджер отдела снабжения,,
QA Engineer,,
Ведущий менеджер отдела ипотечных продаж,,
Руководитель проекта строительства,,
"Администратор-кассир Гоголя,15",48016,Администратор кино
"Рабочий в типографию, цех широкоформатной печати",,
Страховой агент (Советский район),,
Повар горячего цеха,,
Дизайнер интерфейсов (UX/UI),,
Андеррайтер физических лиц,,
Продавец-консультант YVES ROCHER,49890,Редактор-консультант
Продавец-консультант Intimissimi (ТЦ Аура),,
Кассир,49086,Кассир
Специалист по недвижимости/риелтор,,
Ветеринарный представитель по мдж в г.Новосибирск и Новосибирской области,,
Специалист Участка обслуживания ВДГО/ВКГО,,
Интернет-маркетолог (media buyer),,
Менеджер по продажам,49302,Менеджер по персоналу
Менеджер по закупу и продажам,,
Директор департамента по работе с корпоративными клиентами,,
Ведущий менеджер по работе с клиентами,,
"Директор магазина (Новосибирск, ул Виктора Уса, 15/2)",,
Повар холодного цеха,,
Эксперт по продукту (ПО для сельскохозяйственной отрасли),,
"Фармацевт-провизор (Челюскинцев,Мичурина, Кропоткина, Спортивная,Станиславского, Снежиной, Гоголя)",,
Менеджер по персоналу в лизинговую компанию,49291,Менеджер
"Продавец магазина ""Магнит-Косметик"" (Железнодорожный р-н)",,
Повар-кассир,,
Менеджер смены (ст.метро площадь Гарина-Михайловского),,
Юрист сопровождения,,
Начальник отдела организации продаж клиентам малого бизнеса,,
Менеджер по малому бизнесу,,
Экономист-бухгалтер,,
Менеджер по развитию торговой сети г. Новосибирск,,
"Электромонтер по ремонту и обслуживанию электрооборудования (5 разряд),  Якутия",47578,Электромонтер по ремонту и обслуживанию электрооборудования
Продавец-консультант,49890,Редактор-консультант
Директор по развитию сети,,
Менеджер по продаже недвижимости ( обучение в марте),,
Диспетчер по транспорту,48573,Диспетчер порта
Медицинский представитель,,
Клинер/уборщица (уборщик) жилых помещений,,
Менеджер по продажам,49302,Менеджер по персоналу
Бухгалтер-ревизор,48106,Бухгалтер-ревизор
Инженер ПТО,48799,Инженер
Тайный гость,,
Мастер по ремонту компьютеров,49239,Мастер по ремонту
Менеджер по работе с клиентами,,
Продавец-консультант в бутик NO ONE,49890,Редактор-консультант
Менеджер по персоналу,49291,Менеджер
Ассистент менеджера по образованию за рубежом,,
Фотограф,47336,Фотограф
Специалист по закупкам,50049,Специалист по кадрам
Менеджер по продажам на зарубежные рынки,,
"Администратор (Новосибирск, ул Учительская, 18)",48016,Администратор кино
Оператор контактного центра,,
"Директор магазина (Новосибирск, ул Есенина, 31/2)",,
Администратор кассы (Красный пр-кт 17),,
Менеджер по продажам цветного металлопроката,,
Дизайнер / конструктор,,
Начинающий специалист по продажам (без поиска),,
Электромонтажник (Сахалин),47546,Электромонтажник-наладчик
Администратор фотостудии,48017,Администратор суда
Менеджер по логистике (грузоперевозкам),,
Бармен (Красный пр-кт),,
"Продавец-кассир (ТЦ ""Галерея"")",,
Риэлтор-стажер по купле-продаже недвижимости,,
Юрист,,
Специалист/Ведущий специалист группы оформления кредитов малого и среднего бизнеса,,
Водитель с категорией С,,
Ведущий бухгалтер,,
Продавец-консультант в магазин оптики ТЦ Ройял Парк (метро Гагаринская),49890,Редактор-консультант
Менеджер по продажам рекламы,,
Специалист группы операционного учета,,
Продавец-консультант в салон связи TELE2,49890,Редактор-консультант
UI художник (MY.GAMES),50278,Художник
Рекрутер,,
Инженер-технолог,48945,Инженер-технолог
Маляр,44318,Маляр
Оператор call-центра,,
Директор магазина,,
Сервисный инженер/руководитель сервисной службы (с опытом в насосном оборудовании),,
Курьер к партнеру сервиса Яндекс.Еда,,
Бариста,,
SEO-специалист,50028,Специалист
Администратор салона красоты,48015,Администратор зала
Директор подразделения,,
Коммерческий директор/ Руководитель отдела продаж и маркетинга,,
Инженер технического надзора,,
Директор по работе с партнерами и ипотечного кредитования,,
Продавец,,
Директор магазина (non food),,
Продавец-консультант магазина LEGO в ТРЦ Сан Сити,,
Менеджер отдела продаж (недвижимость),,
SMM-менеджер,49291,Менеджер
Специалист по операционно-кассовому обслуживанию,,
Инженер-геолог (полевые работы),,
Специалист по таможенному оформлению,,
Товаровед с функциями оператора,,
Менеджер по продажам металлопроката,,
Менеджер отдела продаж автомобилей с пробегом,,
Региональный менеджер по продажам (г. Новосибирск),,
Полировщик (специалист по полировке автомобилей и нанесению защитных покрытий),,
Инженер-технолог сварочного производства (сварочных работ),,
Официант (ТЦ Сибирский Молл),45785,Официант
Менеджер по продаже недвижимости (м. Площадь Ленина),,
Хостес (ТЦ Сибирский Молл),,
Медицинская сестра (ассистент стоматолога),,
Менеджер по работе с клиентами (менеджер по продажам),,
Продавец-консультант в магазин одежды (ТРК Мега),49890,Редактор-консультант
Бригада электромонтажников,,
Менеджер по подбору и адаптации персонала,,
Regional sales manager / Региональный менеджер (аутсорсинг мерчендайзинга),,
Специалист по маркетингу и рекламе,50050,Специалист по маркетингу
Кассир,49086,Кассир
Управляющий пиццерией,,
"Продавец-кассир (Новосибирск, ул Гоголя, 42)",,
Продавец производства (Новосибирск),,
"Директор магазина (Новосибирск, ул Федора Горячева, 47)",,
Водитель грузового автомобиля Howo,,
Организатор проекта / офис-менеджер,,
Заместитель директора Службы уборки,,
Менеджер,49291,Менеджер
"Директор магазина (г. Новосибирск ул .Выборная, ТЦ ""Тетрис"")",,
Менеджер по работе с клиентами (направление аренда спецтехники),,
Специалист группы административного сопровождения,,
2D-художник / 2D Artist,50278,Художник
"Администратор (Новосибирск, ул Выборная, 117)",48016,Администратор кино
Продавец-консультант (улица Ленина 5),49890,Редактор-консультант
Руководитель отдела продаж,49945,Руководитель полетов
Менеджер по продажам,49302,Менеджер по персоналу
Бизнес-Коуч,,
"Ассистент менеджера по продажам автозапчастей (Новосибирск, м.Площадь Карла Маркса)",,
Менеджер по продажам мягкой мебели премиум-класса,,
Менеджер по продажам услуг учебного центра,,
Коммерческий директор со знанием английского языка (производство),,
Директор филиала,,
Инженер-механик,48820,Инженер-механик
Менеджер продаж по телефону,,
Продавец-кассир (ТЦ Континент-2),,
Управляющий салоном в мебельный салон Лазурит (левый берег),50245,Управляющий трестом
Помощник повара (Новосибирск),,
Директор магазина,,
"Продавец цифровой/бытовой техники (ул.Высоцкого, МЖК)",,
Продавец автозапчастей,,
Продавец-консультант,49890,Редактор-консультант
SMM-маркетолог,48091,Бактериолог
Интернет-маркетолог (директолог),,
Менеджер проектов (Департамент учёта и отчётности),,
Руководитель юридического отдела,49978,Руководитель физического воспитания
Старший кредитный аналитик малого бизнеса,,
Менеджер по работе с клиентами,,
Специалист по обработке платежей физических лиц (008),,
Клиентский менеджер дистанционных продаж БКС Премьер,,
Ведущий специалист Центра строительной экспертизы Кредитного управления,,
Менеджер по работе с клиентами,,
Аналитик,,
Региональный менеджер,,
Оператор саll-центра,,
Управляющий салоном одежды,,
Рекрутер/ менеджер по подбору персонала,,
Категорийный менеджер (продуктовая/непродуктовая),,
"Кладовщик (ТЦ ""Аура"")",43976,Кладовщик
Дизайнер web и мобильных интерфейсов,,
Управляющий рестораном,50245,Управляющий трестом
Коммерческий представитель / Менеджер по продажам,,
Управляющий магазином (ТЦ Галерея),,
Менеджер продаж (тендерного отдела),,
Заместитель директора магазина ZARINA (ТЦ Галерея),,
Торговый представитель,,
Специалист отдела инвентаризаций,,
Финансовый консультант (мкр. Горский),,
Курьер-почтальон,,
Системный администратор,,
Менеджер по работе с клиентами,,
Менеджер по кадровому администрированию,,
Медицинский представитель,,
Оператор - переводчик,,
Начальник мобилизационного отдела,,
Менеджер по продажам,49302,Менеджер по персоналу
Тренер в тренажерный зал,50222,Тренер
Менеджер со знанием английского языка,,
Специалист контактного центра (работа из дома),,
Заместитель финансового директора,48788,Заместитель федерального министра
Переводчик английского языка в Брачное Агентство,,
Руководитель ИТ-направления,,
Региональный представитель,,
Оператор 1C,45603,Оператор связи
Менеджер по продажам кофе,,
Руководитель отдела оптовых продаж,,
"Хостес (ГУМ, площадь Карла Маркса)",,
Архитектор,48062,Архитектор
"PHP-разработчик (Рига, Латвия)",,
Медицинская сестра по физиотерапии,49381,Медицинская сестра по физиотерапии
Врач травматолог-ортопед,,
C/C++ developer (PON),,
"Продавец-кассир (Новосибирск, ул Бориса Богаткова, 163/9)",,
"Директор магазина (Новосибирск, ул Военная, 1)",,
"Директор магазина (Новосибирск, ул Приморская, 5/1)",,
"Продавец-кассир (Новосибирск, ул Немировича-Данченко, 142)",,
"Администратор (Новосибирск, ул Нарымская, 37)",48016,Администратор кино
Медицинская сестра-анестезист,49374,Медицинская сестра-анестезист
Инженер-электроник (разработчик электронных устройств),,
Ведущий инженер проектировщик ОВ иК,,
Врач анестезиолог-реаниматолог,,
Инженер-технолог СВЧ,48945,Инженер-технолог
"Директор магазина (Новосибирск, ул Рассветная, 11)",,
"Пекарь (Новосибирск, ул Рассветная, 11)",,
Менеджер по работе с клиентами,,
Менеджер по поиску и привлечению клиентов,,
Водитель такси (свой автомобиль/автомобиль компании),,
Стоматолог-терапевт,,
Специалист по телефонным продажам,,
"Продавец-кассир (Новосибирск, ул Авиастроителей, 27)",,
Специалист по охране труда (проект Гыдан),,
Менеджер продаж (Большая медведица),,
Менеджер поддержки продаж,,
Врач ультразвуковой диагностики (Академгородок),,
Менеджер по продажам финансовых услуг,,
Главный инженер (г. Улан-Удэ Республики Бурятия),48269,Главный инженер проекта
Заведующий аптекой (улица Ольги Берггольц),48592,Заведующий аптекой
Кладовщик,43976,Кладовщик
Машинист экскаватора,44787,Машинист экскаватора
Пропитчица/пропитчик,,
Водитель такси,,
"Продавец-кассир (Новосибирск, ул Столетова)",,
Специалист по обслуживанию физических лиц (Академгородок),,
Менеджер по удержанию клиентов,,
"Ведущий инженер проектировщик АТМ, КИПиА",,
Старший маркетолог,,
"Торговый представитель, г. Новосибирск",,
"Менеджер по активным продажам на территории торгового центра ""Сан-Сити""",,
Фельдшер скорой медицинской помощи,,
Менеджер по телефонным продажам,,
Менеджер по продажам транспортных услуг,,
Врач УЗИ,,
Телемаркетолог,,
Плотник,45919,Плотник
Продавец-дизайнер кухонной мебели в салон Большая медведица,,
Автор по истории,,
Ведущий специалист по обслуживанию физических лиц,,
Инженер производственного процесса,,
Менеджер региональных продаж (техническая продукция),,
Мастер по биочистке одежды,,
"Продавец-консультант в ТЦ ""Эдем"" Академгородок",49890,Редактор-консультант
Официант (ул. Объединения),45785,Официант
"Инженер установки (GPS / ГЛОНАСС оборудования, тахографов)",,
"Главный бухгалтер (Бердск) (производство, биотехнологии)",,
Технолог-контролер,,
"Продавец-консультант в салон связи МегаФон (ТЦ Лента, ул. Мясниковой)",49890,Редактор-консультант
Заместитель директора по продажам (Екатеринбург),,
Управляющий магазином (Правый берег),,
Прораб (комплексное заполнение дверных проемов),,
Менеджер по закупкам,,
Монтажник металлоконструкций (4 / 5 разряд) (в г.Свободный Амурской области),,
Коммерческий директор (производственно-торговая группа компаний),,
"Медицинский представитель, Новосибирск",,
Медицинский представитель (Rx),,
Бизнес-тренер,,
Продавец-кассир (ТЦ Горский),,
Экспедитор,50354,Экспедитор
Пробоотборщик,46228,Пробоотборщик
Менеджер по работе с ключевыми клиентами (медицинское оборудование),,
Менеджер по продажам ВЭД (знание китайского),,
Продавец-консультант (ТЦ Аура),49890,Редактор-консультант
"Продавец-кассир (ТЦ Галерея, гипермаркет Магнит)",,
Мастер (оператор) РБУ (растворо-бетонного узла),,
Системный администратор,,
Полицейский СГООП,,
Инженер-энергетик 1 категории,48951,Инженер-энергетик
Управляющий рестораном,50245,Управляющий трестом
Преподаватель программирования,,
Главный клиентский менеджер по обслуживанию юридических лиц,,
Специалист по взысканию задолженности,,
Налоговый консультант/налоговый юрист,,
Управляющий салоном оптики (Правый берег),,
Прораб (Производитель работ),,
"Продавец-консультант в магазин ""Milavitsa"" (универмаг ""Октябрьский"")",49890,Редактор-консультант
Специалист по обслуживанию физических лиц,,
Ведущий юрисконсульт,,
Инженер по подбору насосного оборудования для водоотведения и водоснабжения,,
Графический дизайнер Советский район),,
"Администратор магазина в ТРЦ ""АУРА""",48015,Администратор зала
"Мерчендайзер (Правый берег, Левый берег)",,
Главный специалист Отдела бухгалтерского учета и отчетности (по учету кредитных операций),,
Региональный торговый представитель,,
Руководитель отдела PR и продвижения,,
Тестировщик программного обеспечения,,
Оператор call-центра,,
Руководитель отдела продаж,49945,Руководитель полетов
Менеджер по продажам недвижимости,,
Арт-менеджер,49291,Менеджер
Менеджер по продажам,49302,Менеджер по персоналу
Оператор колл-центра,,
Директор по строительству (жилищное строительство),,
Слесарь-сантехник 4 разряда (Якутия),46858,Слесарь-сантехник
Старший менеджер по взаиморасчетам с партнерами,,
Директор магазина (Шлюз),,
Администратор-охранник,48016,Администратор кино
Риелтор (открыт набор на обучение в марте),,
Грузчик-комплектовщик (ул. Петухова),,
Специалист по земельно-имущественным отношениям,,
IT - инженер / Специалист технической поддержки (IT - специалист),,
Интернет-маркетолог,,
Комендант вахтового поселка,,
Помощник бухгалтера (участок банк),,
Дизайнер-художник,,
Продавец-консультант в adidas/ Reebok,,
Специалист отдела кадрового администрирования,,
Руководитель отдела продаж,49945,Руководитель полетов
Менеджер по сопровождению продаж,,
Клиентский менеджер Сбербанк Премьер,,
Старший менеджер ипотечного страхования,,
Специалист технической поддержки 2 линии,,
Экономист,50342,Экономист
Руководитель распределительного центра,,
Менеджер по работе с ключевыми клиентами малого бизнеса,,
Кладовщик (ТЦ Аура),43976,Кладовщик
Помощник генерального директора,,
Сварщик на полуавтомат,,
Продавец-консультант в магазин Gant (ТЦ Галерея),49890,Редактор-консультант
Специалист отдела продаж в отель Marriott,,
Менеджер по продажам технической продукции,,
Торговый представитель Estel Professional,,
Старший менеджер-операционист в Операционный офис,,
Руководитель группы call-центр,49933,Руководитель группы (на транспорте)
Управляющий магазином модной женской одежды,,
Территориальный менеджер розничной сети,,
Маркетолог,48091,Бактериолог
Главный механик,48262,Главный зоотехник
Юрист,,
Управляющий филиалом,50240,Управляющий делами
Инженер ПТО (общестрой),,
Менеджер сервисного центра,,
Ведущий специалист по материалам,,
Архитектор системы качества,,
Бухгалтер по работе с абонентами,,
Инженер ПТО,48799,Инженер
Медицинская сестра (ассистент стоматолога),,
Специалист по сопровождению,,
"Официант в ресторан ""Своя Компания"" (Родники)",45785,Официант
Руководитель регионального подразделения (JK Global),,
Интернет-маркетолог,,
Ведущий специалист по подбору и адаптации персонала,,
Ведущий кредитный аналитик (Ипотека),,
Официант,45785,Официант
Специалист по работе с клиентами,,
Юрист,,
Главный менеджер направления МСБ,,
Руководитель розничной сети,,
Старший бухгалтер,,
Заместитель начальника отдела управления имуществом,,
"Специалист по работе ФГИС Меркурий (мясо, рыба)",,
Супервайзер сети магазинов,,
Продавец-консультант компьютерной техники ASUS в МВидео (ТЦ Мега),,
Системный администратор,,
Менеджер по продажам (Академгородок),,
"Директор розничной сети магазинов детской одежды и обуви MIMIMODA, Новосибирск",,
Дизайнер рекламной продукции розничной сети,,
Управляющий магазином (ТЦ Версаль),,
Главный менеджер по развитию с клиентами среднего бизнеса,,
Техник связи,50570,Техник связи (АТС)
Продавец цифровой/бытовой техники,,
Аудитор торговых точек,,
Ведущий инженер по подготовке производства ПТО (Работа на объекте строительства Красноярский край),,
Руководитель производства,49948,Руководитель производственной практики
Продавец-консультант в салон связи МегаФон (Левый берег),49890,Редактор-консультант
Менеджер по эксплуатации,,
Менеджер по работе с ключевыми клиентами,,
Менеджер по ВЭД,,
Прораб отделочных работ,,
"Продавец цифровой/бытовой техники (ТЦ Гигант, проезд Энергетиков)",,
"Ведущий инженер ОКС (г. Певек, Чукотский автономный округ)",,
Менеджер по привлечению партнеров-инвесторов,,
Руководитель по развитию региональной сети,,
Руководитель отдела персонала,49945,Руководитель полетов
Водитель с личным автомобилем,,
"Инженер ПТО (трубопроводы и оборудование), Кемерово",,
Руководитель группы по развитию ключевых клиентов,,
Линкбилдер/помощник SEO специалиста со знанием английского языка,,
"Инженер АСУ ТП (I, II категории)",,
Водитель на личном легковом автомобиле (Яндекс.Такси),,
Менеджер по работе с клиентами и партнерами (event сфера),,
Инженер-контролер,48815,Инженер-контролер
Менеджер по туризму,,
Бебиситтер/Няня,,
Механик,49320,Механик
Региональный представитель,,
Оператор по работе с ФГИС Меркурий,,
Водитель,,
Печатник флексографии / помощник печатника,,
Продавец-консультант магазин⁢а re:Store (продукция Apple) в ТРЦ Галерея Новосибирск,,
Офис-менеджер,49291,Менеджер
Начальник производства мясозаготовительного направления холдинга,,
"Машинист самоходной буровой установки (Boomer, MUKI)",,
"Торговый представитель (Татарск, Куйбышев, Ордынское, Сузун, Болотное, Тогучин, Колывань, Чулым)",,
Помощник в отдел кадров,,
Менеджер розничной сети,,
Стажёр в отдел продаж,,
Руководитель группы организации входного контроля (Якутия),,
DevOps инженер,48799,Инженер
Инженер по содержанию и ремонту автомобильных дорог,,
Специалист группы закупок (со стороны Заказчика),,
Управляющий группой аптек,,
Специалист по работе с ключевыми партнёрами,,
Главный бухгалтер,48219,Главный бухгалтер
Офис-менеджер,49291,Менеджер
Стажер - преподаватель английского языка,,
Управляющий регионом,50245,Управляющий трестом
Инженер технической поддержки,,
Автор по информационной безопасности,,
Ведущий специалист-эксперт (Юрист),,
Инженер - проектировщик предприятий общественного питания,,
Юрист по недвижимости,,
"Товаровед магазина ""Магнит-Косметик"" (Железнодорожный район)",,
Старший менеджер по работе с корпоративными клиентами,,
Разработчик .NET/С#,,
Администратор (медицинский регистратор),,
Директор по работе с клиентами премиального сегмента (юридические лица),,
HR менеджер,49291,Менеджер
Руководитель отдела продаж,49945,Руководитель полетов
Менеджер по рекламе и PR,49304,Менеджер по рекламе
Менеджер по продажам новых автомобилей Toyota,,
Исполнительный директор (строительное направление),,
Менеджер по продажам,49302,Менеджер по персоналу
Менеджер по системе менеджмента качества,,
"Старший по смене магазина Levi's (ТЦ ""Аура"")",,
Рекрутер/менеджер по персоналу (HR),,
Специалист по продажам органам государственной власти,,
Газорезчик,43370,Газорезчик
Главный кредитный аналитик (корпоративный бизнес),,
Руководитель направления площадки исходящего телемаркетинга,,
Заготовщица/Заготовщик деталей электровакуумных приборов,,
Автомеханик,,
Медицинский/Торговый представитель,,
Заместитель финансового директора (г. Владимир),48788,Заместитель федерального министра
Электрогазосварщик НАКС - газорезчик,,
"Работник торгового зала (ТЦ Галерея , гипермаркет ""Магнит"")",,
Старший специалист технической поддержки,,
Рекрутер / HR / Фрилансер,,
"Риелтор по продаже, аренде недвижимости",,
Продавец-консультант ювелирных изделий (ТРЦ «Галерея Новосибирск»),,
Ученик мастера по ремонту бытовой техники,,
Project leader (IT),,
Продавец-консультант (ТЦ Мега),49890,Редактор-консультант
Руководитель отдела продаж автомобилей Трейд-ин (Новосибирск),,
Главный врач,48304,Главный прокатчик
Маркетолог (JK Global LLC),48091,Бактериолог
Менеджер-аналитик отдела закупа,,
Торговый представитель,,
Прораб отделочных работ,,
Машинист погрузочной машины,44600,Машинист погрузочной машины
Участковый уполномоченный полиции,,
"Продавец-кассир (Новосибирск, ул Кошурникова, 33)",,
Технолог (мясоперерабатывающее производство),,
Коммерческий директор,,
"Электрогазосварщик (НАКС, СК, НГДО)",47521,Электрогазосварщик
Курьер к партнеру сервиса Яндекс.Еда (пеший),,
Менеджер по продажам сельскохозяйственной техники,,
Менеджер по продажам бывшей в употреблении техники,,
Коммерческий директор по продажам и закупу сельхозпродукции (зерно),,
Машинист крана РДК (сваебой),,
Старший системный аналитик,,
Кредитный специалист,,
Продавец-консультант,49890,Редактор-консультант
Региональный менеджер по продажам (Оптика),,
Водитель-курьер с личным автомобилем,,
Менеджер отдела продаж автомобилей с пробегом,,
Специалист отдела взаимодействия с регулирующими органами,,
Механик по ремонту дорожно строительной техники,,
Юрист,,
Наборщик текста,,
Продавец,,
Ассистент менеджера экономического отдела,,
Менеджер по продажам,49302,Менеджер по персоналу
Заместитель директора по операционной работе,,
Торговый представитель,,
"Руководитель направления/Главный специалист Строительный контроль, Новосибирск",,
Начальник отдела капитального строительства,,
Продавец-консульта‎нт / Промоутер (Компьютеры),,
Руководитель отдела продаж,49945,Руководитель полетов
Директор торгового центра,,
Помощник интернет-маркетолога,,
Продавец-кассир,,
Торговый представитель / Менеджер активных продаж,,
Управляющий магазином,,
Специалист по связям с общественностью,50552,Специалист по связям с общественностью
Главный инженер проекта,48269,Главный инженер проекта
Экономист по финансовой работе,50352,Экономист по финансовой работе
"Руководитель Филиала, г. Новосибирск",,
Главный юрисконсульт Юридического отдела,,
Директор по розничным продажам в Сибирском и Дальневосточном Региональном Центре,,
Технический специалист (левый берег),,
Товаровед,50217,Товаровед
Начальник участка (монтаж металлоконструкций/Якутия),,
Инженер - оператор,48877,Инженер по охране труда
Фельдшер (Детская Поликлиника),,
"Продавец-кассир (Новосибирск, ул Первомайская, 45)",,
Ведущий специалист/Специалист по обслуживанию физических лиц (Центральный район),,
Врач-косметолог (с медицинским образованием),,
Заведующий аптекой,48592,Заведующий аптекой
Токарь (инструментальный цех),,
Менеджер по оптовым продажам,,
Инженер по организации и нормированию труда,48867,Инженер по организации и нормированию труда
"Кассир (ТЦ ""Эдем"")",49086,Кассир
Маркетолог,48091,Бактериолог
Менеджер по продажам ПВХ-окон,,
Программист С#,49855,Программист
Региональный менеджер,,
Заместитель главного конструктора/начальник конструкторского бюро,,
Водитель на КАМАЗ СЕ,,
Руководитель отдела продаж жилой недвижимости (Первомайский район),,
Менеджер по продажам грузовой техники,,
Менеджер по продажам автомобилей,,
Менеджер по развитию,,
Администратор,48012,Администратор
"Продавец-кассир (Новосибирск, ул В.Высоцкого, 47)",,
Журналист-копирайтер,,
Специалист по снабжению (снабженец/специалист по закупкам),,
Торговый представитель (правый и левый берег),,
Менеджер по документообороту,,
Редактор,49887,Редактор
Менеджер по продажам (Замерщик),,
Руководитель отдела маркетинга,,
Продавец-консультант INCITY (ТЦ Сан Сити),,
Коммерческий директор,,
Руководитель отдела продаж,49945,Руководитель полетов
Инженер-энергетик (Якутия),48951,Инженер-энергетик
Руководитель по продажам строительной техники,,
Менеджер по персоналу,49291,Менеджер
Риск-менеджер,49291,Менеджер
Водитель категории Е,,
Продавец-консультант,49890,Редактор-консультант
Машинист трубоукладчика,44732,Машинист трубоукладчика
SEO-специалист,50028,Специалист
Технолог (сетевые торговые марки),,
Супервайзер контактного центра,,
Обивщик (обойщик) мягкой мебели,,
Менеджер по работе с партнерами (Новосибирск),,
Юрисконсульт,50391,Юрисконсульт
Оператор call-центра,,
Инженер-энергетик,48951,Инженер-энергетик
Администратор,48012,Администратор
Помощник системного администратора,,
Торговый представитель (ТМ Лоренц),,
Операционист-кассир (Новосибирск),,
Мобильный агент (автокредитование),,
Торговый представитель,,
SMM-менеджер,49291,Менеджер
Специалист транспортной логистики,,
Специалист по работе с клиентами (Станиславского),,
Эксклюзивный торговый представитель,,
Маркетолог,48091,Бактериолог
Диспетчер на телефон,,
"Дизайнер-продавец корпусной мебели ""Лазурит"" (левый берег)",,
Врач-хирург (ожоговое отделение),,
Ведущий инженер- проектировщик по системам водоснабжения и водоотведения,,
Программист 1С (2 линия поддержки) [id11312],49855,Программист
Пекарь-универсал (Новосибирск),,
Менеджер активных продаж,,
Pre-sale менеджер по информационной безопасности,50441,Инженер по радиационной безопасности
"Администратор (Новосибирск, ул Громова, 21)",48016,Администратор кино
"Директор магазина (Новосибирск, ул Вертковская, 8)",,
Продавец сыров (Бахетле),,
Продавец магазина Магнит (Октябрьский район),,
"Директор магазина (Новосибирск, ул Экваторная, 15А)",,
Инженер – техник металлоконструкций по монтажу и пусконаладке,,
Инженер генерального плана,,
Разработчик RPA (UiPath),46404,Размотчик
"Ведущий инженер ПТО (Новый Уренгой, Харасавэй, Бованенково)",,
Врач-эпидемиолог,50390,Эпидемиолог
Водитель (Яндекс.Такси),,
Старший Java-разработчик,,
Менеджер по продаже недвижимости (с обучением),,
Менеджер по продажам,49302,Менеджер по персоналу
Ассистент отдела HR,48063,Ассистент
Экспедитор,50354,Экспедитор
Руководитель службы персонала,49947,Руководитель Пресс-службы
Главный специалист Отдела хозяйственного обеспечения,,
Территориальный менеджер,,
Оператор АЗС (2-ая Станционная),,
Менеджер по персоналу,49291,Менеджер
Инженер-технолог по механической обработке металлов,,
Консультант-программист 1C,,
Региональный представитель по продажам оборудования,,
Администратор,48012,Администратор
Территориальный управляющий филиалом розничной сети,,
Сварщик,43234,Варщик
Начальник производства линии полимерной порошковой окраски (Мастер участка),,
Оператор на телефоне,45472,Оператор на решетке
Офис-менеджер,49291,Менеджер
Менеджер по работе с водителями,,
Начальник производственного участка,49557,Начальник производства (на транспорте)
Территориальный директор (Новосибирск),,
Руководитель отдела по развитию корпоративного бизнеса,,
Руководитель отдела продаж автомобилей с пробегом,,
Грузчик-экспедитор,,
Директор гипермаркета,,
Руководитель отдела маркетинга,,
Оператор на телефоне,45472,Оператор на решетке
Менеджер по продажам,49302,Менеджер по персоналу
Эксперт. Геодезист. Инженер в области пром. безопасности подъемных сооружений,,
Коммерческий директор в Производственно -торговую компанию,,
Продавец-кассир,,
Директор по логистике и закупу/ Руководитель распределительного центра,,
Модель,49367,Модельер
Специалист по охране труда,,
Заместитель директора магазина (Центр),,
Лаборант (спектральный анализ),44250,Лаборант спектрального анализа
Ведущий менеджер по привлечению клиентов Среднего Корпоративного Бизнеса,,
Территориальный менеджер в канале HoReCa,,
Секретарь генерального директора (р.п. Кольцово),,
Менеджер по оптовым продажам и ключевым клиентам (Заельцовский р-он),,
Руководитель отдела продаж (агентство интернет-рекламы),,
Специалист в области занятости населения (Калининский район),50028,Специалист
Администратор,48012,Администратор
Ведущий экономист отдела мониторинга и администрирования кредитов,,
Менеджер по продажам металлопроката,,
Оператор call-центра (исходящие звонки),,
Тестировщик / Junior QA engineer,47125,Таблетировщик
Директор магазина,,
Ведущий юрист,,
Бухгалтер-ревизор,48106,Бухгалтер-ревизор
Водитель,,
Наладчик технологического оборудования,45098,Наладчик технологического оборудования
Менеджер по продажам светотехники,,
Frontend-разработчик,46404,Размотчик
Инженер,48799,Инженер
"Руководитель направления ""Работа с девелоперами""",,
Администратор,48012,Администратор
Экономист,50342,Экономист
Специалист по автокредитованию,,
Инвестиционный аналитик,,
Торговый представитель / Специалист по развитию территории (Калининский район),,
Специалист по контролю качества продаж,,
"Рекрутер, помощник консультанта в кадровое агентство",,
Продавец-дизайнер в мебельный салон (правый берег),,
Architect/Senior frontend-разработчик,46404,Размотчик
Аналитик 1С на внедрение крупных проектов,,
Врач по лечебной физкультуре,,
Машинист автогрейдера,44343,Машинист автогрейдера
Специалист по выдаче займов (пр. Дзержинского),,
"Директор магазина (Новосибирск, ул Выборная, 117)",,
Врач ультразвуковой диагностики,,
"Инженер- проектировщик (тепловые пункты, котельные, тепловые сети)",,
Машинист автовышки и автогидроподъемника,44342,Машинист автовышки и автогидроподъемника
Врач - акушер-гинеколог Родового отделения (дежурант),,
Разработчик Java / Android,46404,Размотчик
Ведущий инженер-разработчик (Медицинская техника),,
Плотник-Бетонщик (ост. Русский),,
Врач-терапевт,,
Водитель автобуса городских пассажирских маршрутов в филиал Восточный,,
Ведущий инженер-проектировщик (ЭОМ),,
Разработчик ORACLE,46404,Размотчик
Инженер-проектировщик РЗА,48935,Инженер-проектировщик
Технолог (мясная продукция),,
Ведущий инженер (конструктор/проектировщик) строительного отдела,,
Back-end разработчик в европейскую компанию со знанием CMS битрикс,46404,Размотчик
Ведущий инженер (группа геодезии),,
"Фармацевт-провизор ( ост.Молодежная, ул. Б.Богаткова, Аптека Города)",,
Товаровед в магазин парфюмерии и косметики,50217,Товаровед
Юрист,,
Key Account Manager (Abbott Nutrition),,
"Бариста, Новосибирск",,
Специалист в области занятости населения (Ленинский район),50028,Специалист
Управляющий магазином,,
Менеджер по продажам (Петухова),,
Специалист по работе с ключевыми клиентами (КАС),,
Заместитель руководителя группы по прямым продажам в торговых сетях,,
Начальник производственно-диспетчерского отдела,,
Главный менеджер по привлечению клиентов малого бизнеса,,
Помощник менеджера по продажам,,
Продавец-логист,,
Обучающий шеф-повар,,
Производитель работ (бетонные работы),,
Начальник столярного производства,42712,Аппаратчик коньячного производства
Python Developer,,
Sales Manager Менеджер по продажам косметики,,
Продавец-консульта‎нт / Промоутер (МБТ),,
Тайный покупатель,,
Мерчандайзер визитный,,
Менеджер по продажам металлопроката,,
"Продавец-кассир (ТЦ ""Голден парк"")",,
Медицинский представитель,,
Слесарь по ремонту котельных и пылеприготовительных цехов,,
Инженер-проектировщик газоснабжения,48935,Инженер-проектировщик
Управляющий по крупным и средним корпоративным клиентам (г. Новосибирск),,
Офис-менеджер,49291,Менеджер
Видеомонтажер,,
Руководитель по складской логистике,,
Экономист по обслуживанию физических лиц Центрального офиса,,
"Инженер по планированию / инженер по строительству (проект Сахалин, Мурманск)",,
"Администратор магазина / Заместитель менеджера магазина (ТРЦ ""Галерея"")",,
Менеджер по работе с клиентами,,
Приемщик молока,46213,Приемщик скота
Региональный менеджер по складской логистике,,
Региональный менеджер,,
Официант,45785,Официант
Менеджер по продажам (Входящие звонки и письма),,
Middle HTML-верстальщик,45923,Повертальщик
Продавец-консультант (ул. Титова),49890,Редактор-консультант
Медицинский представитель,,
Наборщик текста,,
Оператор саll-центра,,
Руководитель отдела маркетинга и рекламы,,
Продавец магазина Магнит (Левый берег),,
Риелтор-стажер,,
PR-менеджер,49291,Менеджер
Управляющий магазином (Левый берег),,
Менеджер по работе с партнерами,,
Столяр,47013,Столяр
Менеджер в автошколу,49291,Менеджер
Начальник строительного участка,50486,Начальник испытательного стенда
Интернет-маркетолог,,
Администратор спортивного центра,,
Директор департамента продаж,48468,Директор департамента
"Специалист по продажам ( холодильное, стеллажное оборудование)",,
Рекрутер / менеджер по подбору персонала,,
Продавец роллов в компанию Суши Маке,,
Региональный менеджер отдела розничных продаж,,
Официант,45785,Официант
Front-end Developer (React),,
Ведущий специалист (сметчик),,
Операционная медицинская сестра,,
Менеджер по продажам операторам связи,,
Продавец-консультант салона связи TELE2 (ТЦ Голден парк),,
Менеджер по корпоративным продажам,,
Полицейский/полицейский (водитель),,
Помощник юриста,46003,Помощник мастера
Машинист экскаватора,44787,Машинист экскаватора
Менеджер по рекламе,49304,Менеджер по рекламе
Руководитель отдела проектирования,,
Автор студенческих работ по техническим дисциплинам,,
Архитектор / Проектировщик   ,,
Мастер (РМЦ),49203,Мастер
Монтажник стальных и железобетонных конструкций,,
Медицинский представитель,,
Интернет-маркетолог,,
Бизнес-аналитик,,
Торговый представитель,,
Машинист экскаватора-погрузчика,44787,Машинист экскаватора
Заместитель директора по развитию дополнительных услуг,,
Слесарь по ремонту оборудования котельных и пылеприготовительных цехов,46842,Слесарь по ремонту оборудования котельных и пылеприготовительных цехов
Заведующий научно-информационным отделом,,
Экономист,50342,Экономист
Лид-менеджер,,
Мерчендайзер (Новосибирск),,
Специалист по работе с клиентами (Испанский визовый центр),,
Управляющий сети магазинов (ткани),,
Администратор кинотеатра,48016,Администратор кино
Машинист экскаватора,44787,Машинист экскаватора
"Машинист буровой установки (ПБУ, УРБ, УГБ)",44384,Машинист буровой установки
Юрист,,
Оператор колл-центра,,
Кассир,49086,Кассир
Senior PHP developer,,
Продавец-консультант в магазин оптики (Академгородок),49890,Редактор-консультант
"Продавец-консультант (г. Новосибирск, Первомайский р-н)",49890,Редактор-консультант
Менеджер по продажам (корпоративный клиент),,
Слесарь по ремонту автомобилей,46834,Слесарь по ремонту автомобилей
Помощник арбитражного управляющего,,
Наладчик ТПА (термопластавтомат),,
Директор по продажам транзакционных продуктов корпоративным клиентам,,
Торговый представитель/Региональный представитель,,
Специалист группы оперативной поддержки кредитно-кассового офиса,,
Механик,49320,Механик
Торговый представитель по сетям,,
Специалист по кадровому делопроизводству,,
SMM-менеджер/ контент-менеджер,,
Кредитный эксперт,,
Оператор производственной линии,,
Бригадир смены (пищевое производство),,
Менеджер по работе с ключевыми застройщиками,,
Помощник (ассистент) менеджера по продажам,,
Бухгалтер по учету банковских и кассовых операций,,
Руководитель административно-хозяйственного отдела,,
Кладовщик,43976,Кладовщик
Руководитель регионального подразделения по продаже электронной сантехники производства Ю.Корея,,
Кассир АЗС (Мочищенское шоссе),,
Администратор супермаркета (ул. Волочаевская),48017,Администратор суда
Логист,,
Специалист по подбору автозапчастей (интернет-магазин),,
UI/UX дизайнер,,
Тренер групповых программ,,
Врач-невролог (детский),,
Врач-онколог,,
"Фельдшер по оказанию неотложной медицинской помощи (Республика Карелия, г. Сегежа)",,
"Врач-онколог (Республика Карелия, г. Сегежа)",,
Медицинская сестра операционная (Р. Карелия г. Сегежа),49377,Медицинская сестра операционная
Врач-онколог,,
Врач-оториноларинголог (Горский),,
"Продавец-кассир (Новосибирск, ул Сакко и Ванцетти, 31)",,
"Директор магазина (Новосибирск, ул Петухова, 12В)",,
Врач-акушер-гинеколог (методист),,
Водитель такси,,
Специалист по информационной безопасности 1 категории (г. Большой Камень Приморского края),,
Врач-невролог (Академгородок),,
Врач-онколог,,
"Продавец-кассир (Новосибирск, ул Ипподромская, 54)",,
Специалист по продажам юридических услуг,,
Врач маммолог-онколог,,
"Продавец-кассир (Новосибирск, ул Федора Горячева, 47)",,
Токарь-карусельщик,47162,Токарь-карусельщик
Водитель (Яндекс. Такси),,
Веб-разработчик (Bitrix),,
Врач-кардиолог,,
Инженер 2 категории (служба металлов и сварки),48799,Инженер
Токарь-карусельщик 5 разряд,47162,Токарь-карусельщик
Продавец (с. Верх-Тула),,
Водитель такси (Яндекс. такси),,
"Начальник архитектурно- строительного отдела, г.Владивосток",,
Менеджер по продажам в салон связи ТЕЛЕ2 (Гусинобродское шоссе),49302,Менеджер по персоналу
Менеджер по продажам в салон связи ТЕЛЕ2 (Высоцкого),49302,Менеджер по персоналу
Ведущий конструктор (капитальное строительство),,
Инженер-картограф,,
Руководитель проектов/Менеджер по продажам,,
Кладовщик (Якутия),43976,Кладовщик
Java developer,,
Специалист службы технической поддержки,,
Экскурсовод,50353,Экскурсовод
Маркетолог мобильных приложений (Стажер),,
Руководитель региона,,
"Менеджер по продажам (зерно, масличные, производные продукты)",,
Управляющий кафе,50240,Управляющий делами
Преподаватель английского языка (по подготовке к экзаменам),,
Менеджер по аренде недвижимости,,
Заместитель Директора магазина,,
"Заместитель Директора магазина (Новосибирск, ул Ватутина, 14)",,
"Продавец-консультант (ТЦ СТД, Вокзальная магистраль)",49890,Редактор-консультант
Менеджер службы клиентского сервиса,,
Фармацевт-провизор,,
Начальник энергетического участка,,
Начальник отдела персонала (г. Черепаново),49436,Начальник депо
Ведущий специалист по поисковой оптимизации (SEO-продвижеие),,
Машинист бульдозера,44379,Машинист бульдозера
Менеджер по работе с ключевыми клиентами (гематология),,
Слесарь-сантехник (Республика Тыва),46858,Слесарь-сантехник
Приемщик,46221,Приемщик яиц
Менеджер по продажам контейнерных перевозок,,
Электромонтер охранно-пожарной сигнализации (обслуживание видеокамер),,
Менеджер отдела продаж,,
Машинист бульдозера (Иркутская область),,
Медицинская сестра в реанимацию,49283,Медицинская сестра
Менеджер отдела продаж,,
Менеджер по работе с клиентами (лизинг),,
Испытатель деталей и приборов,43881,Испытатель деталей и приборов
Менеджер по привлечению зарплатных проектов,,
SMM-специалист,50028,Специалист
QA Engineer,,
Мастер энергокомплекса,,
Администратор,48012,Администратор
Управляющий сетевым каналом (федеральные сети),,
Младший менеджер проектов,,
Администратор супермаркета (ул.Маяковского),,
Промоутер-консультант по компьютерной и печатной технике,,
Начальник лаборатории,49466,Начальник лаборатории (в торговле)
Архитектор (проектирование производственных объектов и зданий общественного назначения),,
Менеджер по региональным продажам (дистрибьюторы и региональные сети),,
Менеджер по продажам (входящие лиды),,
Главный инженер по растениеводству,,
Менеджер в отделение банка (ул. Ватутина),49291,Менеджер
"Старший продавец женской одежды (ТРЦ ""Ройял Парк"")",,
Начинающий специалист отдела продаж,,
Менеджер проектов,,
Заведующий производством/Брэнд-шеф,48686,Заведующий производством (шеф-повар)
HR Директор,49905,Ректор
Супервайзер,,
Мастер маникюра и педикюра,,
Начальник отдела продаж,,
Менеджер отдела закупок,,
"Продавец-кассир (ТЦ Горский, Левый берег)",,
Костюмер,44172,Костюмер
Специалист по складскому учету,,
Аналитик в отдел управления товародвижением,,
Управляющий розничной сетью,,
Директор по логистике,,
Мастер смены (фармацевтическое производство),,
Ведущий менеджер по снабжению,,
Специалист офисного взыскания задолженности,,
"Продавец-консультант в магазин MILAVITSA (ТЦ ""Калина"")",49890,Редактор-консультант
"Кладовщик в ТЦ ""Мега""",43976,Кладовщик
Продавец-консультант (площадь Карла Маркса),,
Директолог-таргетолог,,
Специалист по логистике,50059,Специалист по эргономике
Юрист по взысканию дебиторской задолженности,,
Менеджер по снабжению (строительная спецтехника),,
Медицинская сестра,49283,Медицинская сестра
Региональный менеджер,,
Специалист группы реализации юридическим лицам (006),,
Менеджер оптовых продаж ГСМ,,
Менеджер по оптовым и региональным продажам,,
Менеджер по PR и рекламе,49304,Менеджер по рекламе
Маркетолог в туристическое агентство,48091,Бактериолог
Рабочий на уборку снега с крыш,,
Продавец-кассир (ТЦ Эдем),,
Региональный супервайзер,,
Руководитель отдела по работе с персоналом,,
IT рекрутер,,
Младший менеджер по контекстной рекламе,,
Помощник декоратора/декоратор,,
Руководитель отдела продаж,49945,Руководитель полетов
"Продавец-консультант в магазин TOM TAILOR (ТЦ""Мега"")",49890,Редактор-консультант
Менеджер по обеспечению бытового райдера,,
Оператор производственной линии,,
Торговый представитель,,
Project Manager,,
Заместитель директора,,
Онлайн-консультант / менеджер по продажам,,
Продавец-консультант NATURA SIBERICA в г. Новосибирск,,
"Директор магазина (Новосибирск, ул Одоевского, 17)",,
Директор департамента маркетинга и рекламы,,
Специалист технической поддержки 1С,,
Инженер-радиохимик,48939,Инженер-радиохимик
Инженер-конструктор,48814,Инженер-конструктор
Менеджер по продаже Оборудования,,
Помощник администратора,,
Супервайзер (торговля),,
Ассистент менеджера со знанием китайского и английского языков,,
Стажер-программист PHP,48934,Инженер-программист
Модель,49367,Модельер
Системный администратор (Академгородок),,
Директор по логистике,,
Менеджер офиса продаж (Крылова),,
Менеджер по телемаркетингу,49304,Менеджер по рекламе
Инженер-химик,48947,Инженер-химик
Консультант по работе с клиентами,,
Фитнес-инструктор групповых программ,,
E-mail-маркетолог,48091,Бактериолог
Ведущий клиентский менеджер,,
Оператор-кассир,,
Начальник участка,49485,Начальник маяка
Менеджер по снабжению,,
Бухгалтер,48104,Бухгалтер
Юрист/Помощник юриста (р.п.Кольцово),,
"Руководитель отдела продаж розница\опт левый берег (дистрибуция, своё производство)",,
"Продавец / Работник торгового зала (ТЦ ""Эдем"", Академгородок)",,
Менеджер по подготовке конкурсной документации,,
Курьер пеший на доставку Яндекс.Еда,,
Литейщик-плавильщик цветных металлов,,
Менеджер по планированию и аналитике продаж,,
"Официант в суши-бар ""Рыба.Рис""",45785,Официант
Продавец-консультант (Ленинский район),,
Кадровый специалист/офис-менеджер,,
Оператор call-центра,,
Станочник деревообрабатывающих станков,46979,Станочник деревообрабатывающих станков
"Грузчик (пл.Маркса, с.Марусино)",,
Продавец-консультант в UNITED COLORS OF BENETTON,,
Промоутер-консультант,,
Водитель Такси на автомобиль компании или личный автомобиль,,
Медицинский статистик,49289,Медицинский статистик
Учитель немецкого языка,,
"Продавец-кассир (Новосибирск, ул Героев Революции, 27)",,
Инженер-проектировщик ОВ (Отопление вентиляция),,
Инженер технического надзора (УО Жуковка),,
Middle PHP разработчик,46404,Размотчик
"Старший продавец магазина ""Магнит-Косметик"" (метро Березовая роща)",,
Фельдшер,50263,Фельдшер
Ведущий инженер-технолог,,
Медицинская сестра палатная,49378,Медицинская сестра патронажная
Менеджер отдела отгрузок,,
Инженер-разработчик (электрические схемы и ПО медицинской техники),,
Clinical Research Associate,,
Преподаватель по охране труда,,
Повар-универсал (Новосибирск),,
Менеджер по работе с клиентами,,
Инженер (водоснабжение),,
Кондитер,44053,Кондитер
Менеджер по продажам услуг/менеджер по продажам,,
"Продавец в салон обуви (ТРЦ Аура, улица Военная)",,
Менеджер объектных продаж (инженерные системы),,
Электромонтер ОПС,,
Директор ресторана,48515,Директор Регистра
Экспедитор (Сотрудник в транспортную компанию),,
Специалист службы качества,,
Электромонтер по ремонту и обслуживанию электрооборудования,47578,Электромонтер по ремонту и обслуживанию электрооборудования
Специалист call-центра,50028,Специалист
Менеджер по продажам и маркетингу,,
"Электромонтер по обслуживанию и ремонту оборудования (г. Магадан, Магаданская область)",47578,Электромонтер по ремонту и обслуживанию электрооборудования
Руководитель пищевого направления,,
Менеджер по работе с клиентами (без поиска),,
Территориальный супервайзер,,
Ведущий менеджер по продажам МСБ (г. Новосибирск),,
Тренер вводного обучения,,
Техник в цех осветительного и электронного сценического оборудования,50145,Техник
Горный мастер подземный,,
Слесарь по сборке металлоконструкций,46851,Слесарь по сборке металлоконструкций
Операционист/Специалист отдела сопровождения клиентских операций,,
Менеджер по продажам,49302,Менеджер по персоналу
Менеджер по продажам рекламы,,
Продавец-консультант в ТРЦ Аура,49890,Редактор-консультант
Менеджер по продажам (объектные продажи ограждений GARDIS),,
Юрист (помощник арбитражного управляющего),,
Ведущий юрист,,
Геодезист (Республика Болгария),48187,Геодезист
Помощник руководителя,,
Продавец в салон связи,,
Специалист группы логистики (Ямал),,
Куратор бизнес образования,,
Официант в ресторан,45785,Официант
Менеджер по работе с мелкими клиентами (Академгородок),,
Специалист визового центра,,
Управляющий Игрового Шоу Джуманджи,,
Логист,,
Коммерческий директор,,
Старший продавец Natura Siberica в г. Новосибирск,,
Таргетолог,48188,Геолог
Слесарь (Механик) по ремонту и обслуживанию дорожно-строительной техники,,
Менеджер оптовых продаж строительных материалов (внутренняя отделка),,
Кассир - продавец/официант,,
Руководитель разработки,,
Продавец-консультант магазина современной косметики MIXIT,,
Менеджер по логистике,,
Управляющий региональной торговой сетью,,
"Управляющий салоном в мебельный салон ""Лазурит"" (правый берег)",50245,Управляющий трестом
"Продавец-кассир (Новосибирск, ул Дмитрия Шмонина, 10)",,
Региональный представитель (Силовая электроника),,
Продавец-консультант салона связи TELE2 (ТЦ Ройял парк),,
Главный механик завода,,
"Администратор (Новосибирск, ул Виктора Уса, 15/2)",48016,Администратор кино
Отделочник- универсал,45740,Отделочник ворса
Менеджер на исходящие звонки,,
Кладовщик (Левый берег),,
Инженер по вентиляции и кондиционированию,,
Программист-стажер 1C,49855,Программист
Официант (Красный проспект),,
Аналитик фотоотчетности,,
Помощник руководителя,,
"Специалист по закупкам (Автозапчасти, бытовая химия, канцелярия)",,
Инженер по тестированию,48832,Инженер по вышкостроению
Юрист по претензионной работе,,
Ведущий юрисконсульт,,
Директор по маркетингу,,
Менеджер по работе с клиентами,,
Менеджер отдела продаж автомобилей с пробегом,,
Продавец-дизайнер на правый берег,,
Менеджер продаж корпоративным клиентам (B2B),,
Интернет-маркетолог,,
Ведущий кредитный инспектор,,
Главный врач,48304,Главный прокатчик
Водитель-курьер,,
Менеджер по продажам на входящий поток клиентов,,
Экономист,50342,Экономист
Грузчик-карщик,,
Менеджер по недвижимости (С обучением) Первомайский р-он,,
Консультант,49134,Консультант
Менеджер по продажам угля/щебня,,
Торговый представитель,,
Cпециалист по организации и проведению общих собраний собственников,,
Специалист по точному земледелию,,
Дефектоскопист рентгенографического контроля,,
Менеджер продаж (продавец-консультант) красивых платьев,,
Консультант группы по оказанию услуг в области налогового и бухгалтерского сопровождения,,
Руководитель группы колл-центра ФГ БКС,,
Офис-менеджер,49291,Менеджер
Страховой агент,,
Автослесарь-автомеханик в дилерский центр SCANIA,,
Интернет-маркетолог,,
Менеджер по аренде,49304,Менеджер по рекламе
Менеджер-переводчик,49291,Менеджер
Менеджер отдела автомобилей с пробегом (менеджер отдела Trade-in),,
Frontend разработчик (React),46404,Размотчик
Менеджер по продажам (Оптовые продажи),,
Ведущий специалист по кадровому делопроизводству,,
"Региональный торговый представитель, г. Новосибирск",,
Оператор-кассир АЗС (г. Новосибирск),,
Рабочий-специалист по изготовлению тентовых конструкций,,
Бизнес-тренер,,
Ассистент менеджера по продажам (без активных продаж),,
Руководитель обособленного подразделения/ руководитель филиала,,
Кассир,49086,Кассир
Руководитель дирекции кредитования корпоративных клиентов,,
Менеджер по продажам банковских продуктов,,
Менеджер по работе с ключевыми клиентами,,
Лаборант химического анализа,44252,Лаборант химического анализа
Мастер-приемщик в слесарный цех Ауди/Шкода,,
Оператор call-центра,,
Специалист по охране труда,,
React/Redux-разработчик,46404,Размотчик
Руководитель отдела разработки ПО (г.Новосибирск),,
QA Engineer / Тестировщик ПО,,
"Руководитель филиала (Склад), г. Новосибирск",,
Менеджер по продажам,49302,Менеджер по персоналу
Менеджер по продажам металлопроката,,
Менеджер магазина Intimissimi (СТЦ Мега),,
Комплектовщик радиодеталей,44035,Комплектовщик моделей
Менеджер по работе с зарубежными клиентами,,
Менеджер по продажам автомобилей,,
Управляющий сетью клубов EXTREMEKIDS в городе Новосибирск,,
Администратор салона красоты,48015,Администратор зала
Менеджер по туризму,,
Финансовый менеджер,,
Руководитель сектора логистики в сфере автомобильных перевозок,,
Прораб строительных и отделочных работ с бригадой,,
Специалист по контекстной рекламе (middle),,
Наладчик пищевого оборудования (линия изобарического розлива),,
Специалист по обслуживанию физических лиц,,
Менеджер по продажам услуг (гибкий график),,
Специалист отдела маркетинга по интернет продвижению,,
Юрисконсульт,50391,Юрисконсульт
Региональный менеджер по продажам,,
Продавец-консультант (Красный Проспект),,
Продавец-стилист модной женской одежды ТЦ Версаль,,
Менеджер по работе с юридическими лицами (Академгородок),,
Техник-монтажник ОПС,,
Агент взыскания просроченной задолженности в Hard Collection,,
Инженер технической поддержки пользователей​​​​​​​,,
Менеджер по поддержке продаж,,
Заместитель генерального директора по капитальному строительству,,
Территориальный менеджер,,
Подсобный рабочий (стройка),45964,Подсобный рабочий
Специалист первой линии поддержки абонентов,50028,Специалист
Продавец в салон связи Ноу-Хау (ТК Континент),,
Медицинский представитель,,
Продавец-кассир в ТЦ Галерея,,
Директор магазина (магазин косметики),,
Офис-менеджер,49291,Менеджер
Продавец-консультант в аэропорту Толмачево,49890,Редактор-консультант
Журналист,,
Продавец-консультант в магазин зоотоваров (ул. Красный проспект),49890,Редактор-консультант
Тестировщик,47125,Таблетировщик
Менеджер продаж (электронное торговое оборудование),,
Сотрудник торгового зала (ул. Первомайская),,
Визитный мерчендайзер на пивную продукцию,,
Менеджер по ключевым клиентам (менеджер по работе с сетями),,
Менеджер по продажам,49302,Менеджер по персоналу
Руководитель управления по связям с общественностью (PR-директор),,
Отделочник,45740,Отделочник ворса
Менеджер по работе с клиентами,,
Медицинский регистратор,49287,Медицинский регистратор
Администратор магазина (ТЦ Сан Сити),48015,Администратор зала
Иллюстратор,,
Менеджер по продажам в онлайн-школу (без поиска),49302,Менеджер по персоналу
Руководитель отдела персонала,49945,Руководитель полетов
Оператор сервисного центра (IТ),,
Водитель-экспедитор Инмарко,,
Тестировщик игр / QA engineer,,
Стюардесса/стюард (бортпроводник) бизнес-авиации,,
Экспедитор,50354,Экспедитор
Начальник отдела сбыта,,
Руководитель тендерного отдела,,
Администратор салона красоты,48015,Администратор зала
Менеджер со знанием английского языка,,
Коммерческий директор,,
Android разработчик,46404,Размотчик
IOS разработчик,46404,Размотчик
Android-разработчик,46404,Размотчик
Инженер-конструктор (электрические схемы),,
"Продавец-кассир (Новосибирск, ул Широкая, 129А)",,
"Администратор (Новосибирск, ул 25 лет Октября, 14)",48016,Администратор кино
"Директор магазина (Новосибирск, ул Троллейная, 37)",,
Медицинская сестра-анестезист (палаты реанимации и интенсивной терапии для детей),,
Медицинская сестра (левый берег),49283,Медицинская сестра
Старшая медицинская сестра,,
Врач ультразвуковой диагностики,,
Инженер-химик (энергоцех),,
Android Developer,,
Медицинская сестра во взрослую реанимацию,,
Менеджер по работе с клиентами (правый берег),,
"Пекарь (Новосибирск, ул Одоевского, )",,
Инженер ПВС,48799,Инженер
Разработчик Bitrix (full-stack),46404,Размотчик
Автор учебных работ по точным наукам,,
Врач-педиатр,,
"Начальник отдела продаж В2В, г. Омск",49494,Начальник отдела (в торговле)
Курьер/Доставщик к партнеру сервиса Яндекс.Еда,,
"Инженер отдела строительного контроля (КИПиА), г. Омск",,
Врач-рентгенолог (МРТ),,
Директор магазина (г. Новый Уренгой),,
Менеджер по продажам в салон связи ТЕЛЕ2 (Дуси Ковальчук),49302,Менеджер по персоналу
Слесарь по ремонту агрегатов (6 разряд / Якутия),46835,Слесарь по ремонту агрегатов
"Машинист автогидроподъемника ( АГП, автовышки )",,
Инженер - проектировщик ОВ,48935,Инженер-проектировщик
Кладовщик (проезд Энергетиков),,
Специалист по кадрам,50049,Специалист по кадрам
Менеджер по работе с клиентами (без активного поиска),,
Финансовый директор (Советский район),,
Менеджер по работе с клиентами,,
Менеджер продаж (региональный отдел),,
SMM-менеджер,49291,Менеджер
Начинающий специалист по продажам (без поиска),,
Key Account Representetive,,
Официант (ст. метро Площадь Гарина-Михайловского),,
Инженер-сметчик,,
Менеджер по технологиям РЦ,,
Инженер по охране труда (Академгородок),48877,Инженер по охране труда
Преподаватель групповых уроков английского языка,,
Web-программист сайта транспортной компании,,
Менеджер по продажам,49302,Менеджер по персоналу
Менеджер по продажам услуг,,
Машинист бульдозера,44379,Машинист бульдозера
Машинист автогрейдера,44343,Машинист автогрейдера
Главный специалист Отдела розничного бизнеса филиала,,
Руководитель ПТО / Главный инженер проекта (системы безопасности),,
"Консультант SAP MM/SD, ABAP",49134,Консультант
Оптометрист (Правый берег),,
Техник-монтажник ОПС,,
Заведующий столовой (шеф-повар),48704,Заведующий столовой
Инженер-проектировщик НКУ,48935,Инженер-проектировщик
Фельдшер кабинета доврачебного приема,,
Инженер-конструктор пресс-форм,48814,Инженер-конструктор
Продавец-дизайнер мебели Lazurit (правый берег),,
Водитель/машинист буровой установки БКМ на базе УРАЛ (ЯМАО),,
Директор магазина в г.Обь,,
Руководитель строительного проекта,,
Angular/React Front-end Developer,,
Менеджер по управлению обучением макрорегиона (руководитель группы тренеров),,
Менеджер телефонных продаж,,
Главный метролог,48291,Главный метролог
Инженер строительной лаборатории (стройконтроль),,
Руководитель отдела продаж (IT решения),,
Главный инженер проекта / ГИП,48269,Главный инженер проекта
Специалист по работе с ключевыми клиентами (KAS),,
Юрист,,
Оператор колл-центра,,
Менеджер по продажам (электрощитовое оборудование),,
Машинист крана автомобильного,44485,Машинист крана автомобильного
"Водитель категории Е (контейнеровоз 40 ф, город)",,
Инженер-проектировщик/ инженер-технолог (проекты размещения складского оборудования),,
Ведущий инженер-сметчик,,
Персональный тренер,,
Веб-разработчик/PHP+JS (full-stack),,
Управляющий по продажам дорожно-строительной техники,,
Экономист (клиент-банк),,
Разработчик React Developer,46404,Размотчик
Специалист технической поддержки,,
Менеджер по корпоративным продажам автомобилей Хендэ,,
Технический эксперт по работе с РЖД,,
Инженер в отдел поддержки пользователей,48799,Инженер
Экономист по управленческому учету (Застройщик),,
Специалист контакт-центра,,
"Помощник повара ( правый берег, Бахетле)",,
Ведущий менеджер по продажам МСБ (г. Новосибирск),,
Менеджер по работе с клиентами,,
Менеджер по продажам систем безопасности,,
Инженер-проектировщик,48935,Инженер-проектировщик
Специалист отдела сопровождения стандартизации процессов (аналитик),,
Территориальный менеджер по продажам,,
Инструктор детского фитнеса (танцор-универсал) X-Fit Сан-Сити,,
Начальник отдела по управлению имущественным комплексом,,
Торговый представитель,,
Менеджер по работе с ВИП-клиентами,,
Руководитель группы по работе с ключевыми клиентами,,
Директор по продажам и маркетингу,,
Региональный менеджер (диабет),,
Руководитель отдела розничных продаж,,
Специалист по охране труда,,
Специалист по обслуживанию торговых автоматов,,
Экономист по материально-техническому снабжению,50347,Экономист по материально-техническому снабжению
Региональный руководитель розничной сети,,
Официант,45785,Официант
Оператор на телефон,,
Руководитель группы по предотвращению потерь,,
Риелтор - Стажер бесплатное обучение (м. Площадь Ленина),,
Управляющий рестораном,50245,Управляющий трестом
Верстальщик / Редактор сайта на WordPress,,
Главный энергетик,48362,Главный электрик
Помощник руководителя,,
Графический дизайнер,,
Продавец-консультант,49890,Редактор-консультант
Специалист службы сохранности собственности,,
Региональный представитель по продажам химического сырья (B2B),,
Бухгалтер материальной группы,,
Сборщик мебели,45228,Обойщик мебели
Менеджер проектов / менеджер по работе с корпоративными клиентами,,
"Хостес в суши-бар ""Рыба.Рис""",,
Медицинский представитель ОТС,,
Главный специалист по продаже ипотечных кредитов,,
Гейм-дизайнер (Математик),,
Бухгалтер,48104,Бухгалтер
Менеджер по продажам обучения digital-маркетингу,,
Менеджер региональных продаж (отделочные материалы),,
Менеджер по продажам услуг сервиса и запасных частей,,
Медицинский представитель,,
Менеджер по продажам инвестиционных продуктов,,
Официант (ст.метро Студенческая),,
Заместитель управляющего по крупному и инвестиционному бизнесу,,
Экономист 1 категории,50342,Экономист
Специалист по планированию и продажам кухонь в магазине ИКЕА,,
Менеджер отдела розничных продаж,,
Менеджер отдела продаж (входящие звонки),,
Технический писатель,,
Начальник отдела закупок со знанием английского языка,,
Изолировщица / изолировщик,,
Логист по транспорту/Специалист по автомобильным перевозкам (LED-102),,
Шлифовщик столярных изделий,47476,Шлифовщик стеклоизделий
Региональный представитель,,
Старший Видеомонтажер,,
"Менеджер по продажам сантехники, контрольно-измерительных приборов и электротехнической продукции",,
Региональный тренинг-менеджер,,
Директор по продажам,48477,Директор ипподрома
Оператор линии розлива,45436,Оператор линии производства мыла
Юрист - консультант,,
Фасовщик документов,,
Менеджер торгового зала,,
Менеджер по маркетингу и рекламе,,
Юрист,,
Юрист в управляющую компания (ЖКХ),,
Эксперт поддержки продаж,,
Бухгалтер материальной группы,,
Junior QA engineer,,
Супервайзер,,
Продавец-консультант,49890,Редактор-консультант
Начальник участка (Магадан),,
Специалист по взысканию проблемной задолженностью,,
Казначей (со знанием английского языка),,
Продавец-консультант (ОбьГЭС),,
Помощник главного бухгалтера,,
Frontend-разработчик (React),46404,Размотчик
Менеджер по развитию бизнеса,,
Бухгалтер,48104,Бухгалтер
Офис-менеджер,49291,Менеджер
Пеший курьер по доставке еды к партнеру сервиса Яндекс.еда,,
"Продавец магазина ""Магнит-Косметик"" (Заельцовский р-н, мкр Стрижи)",,
Руководитель отдела продаж,49945,Руководитель полетов
"Продавец-консультант (г. Новосибирск ул. Дуси Ковальчук, ТЦ ""Вереница"")",49890,Редактор-консультант
Оператор call-центра,,
Юрист,,
Заведующий складом,48700,Заведующий складом
Бухгалтер по первичной документации,48104,Бухгалтер
Управляющий (Директор бутика),,
Электрогазосварщик,47521,Электрогазосварщик
Специалист по взысканию просроченной задолженности от 31 дня до 60,,
Специалист участка железнодорожной отгрузки,,
Аналитик,,
Менеджер-логист,,
Тендер-менеджер (IТ),,
Коммерческий менеджер,,
"Продавец-консультант (улица Титова, 2)",49890,Редактор-консультант
Менеджер по продажам и обслуживанию клиентов. Новогодняя 26.,,
Юрисконсульт,50391,Юрисконсульт
Python developer,,
Бренд - менеджер (отдел Новостроек),,
Специалист по работе с клиентами,,
Юрисконсульт (интеллектуальная собственность),,
Ветеринарный врач в ветеринарную аптеку,48125,Ветеринарный врач
Водитель такси,,
Офис-менеджер,49291,Менеджер
Риелтор (агент по недвижимости),,
Специалист по международным контейнерным и автомобильным перевозкам,,
"Кредитный специалист по выдаче займов (ост.Дом одежды, ост.м.Маркса)",,
"Менеджер по работе с ключевыми клиентами/Key Account Manager, КАМ (онкология)",,
Руководитель отдела продаж (Недвижимость),,
Seo-специалист,50028,Специалист
Страховой консультант,,
Геодезист,48187,Геодезист
Главный метролог,48291,Главный метролог
Ведущий инженер по наладке и испытаниям сварочного оборудования (Новый Уренгой),,
"Менеджер смены в ресторан ""Вилка-Ложка""",49291,Менеджер
"Управляющий представительством, г. Москва",,
Менеджер по работе с клиентами/ сервис - менеджер,,
Монтажник радиоэлектронной аппаратуры,44905,Монтажник радиоэлектронной аппаратуры и приборов
Территориальный менеджер,,
Комплектовщик в распределительный центр,44020,Комплектовщик
Продавец-консультант Склада самообслуживания,,
Помощник менеджера по продажам,,
Помощник менеджера по работе с клиентами,,
Оператор коммерческого отдела,,
Финансовый консультант (Правый берег),,
Начальник операционного отдела филиала,,
Региональный менеджер по персоналу,,
Администратор офиса (Beauty сфера),48017,Администратор суда
Торговый представитель,,
Техник 2 категории в архив,50145,Техник
Руководитель отдела продаж,49945,Руководитель полетов
Товаровед ломбарда,,
Товаровед-эксперт по качеству ФРОВ,,
Заместитель директора по экономике и финансам (в п. Ванино Хабаровский край),,
Руководитель компрессорного цеха,,
Руководитель проекта (IT),49945,Руководитель полетов
Архитектор-проектировщик,,
Key Account Manager (КАМ),,
Главный бухгалтер (животноводство),,
Управляющий магазином,,
Мерчендайзер,,
Продавец на выкладку товара,,
Помощник монтажника вентилируемых фасадов,,
Копирайтер,,
Повар-универсал,,
Начальник отдела,49436,Начальник депо
Главный бухгалтер,48219,Главный бухгалтер
"Middle Embedded Developer (C/C++, Linux)",,
Инженер-строитель,50413,Инженер-испытатель
Продавец магазина Магнит (Дзержинский район),,
Инженер-тестировщик технических решений,,
Повар в столовую (Новосибирск),45921,Повар
Кассир (продукты питания),,
"Продавец-кассир (Новосибирск, ул Никитина, 15)",,
Врач-терапевт,,
Аналитик консультант 1С ЕРП,,
"Руководитель свиноводческого комплекса (Тульская, Воронежская область)",,
Машинист бульдозера (Komatsu D355),44379,Машинист бульдозера
Инженер по промышленной безопасности,50439,Инженер по промышленной безопасности
Столер по камню/Мастер по работе с искусственным камнем,,
Менеджер по продажам строительных услуг,,
Продавец-кассир (ТЦ Академгородок),,
Торговый представитель,,
Агент взыскания просроченной задолженности в Hard Collection,,
"Слесарь-универсал по ремонту автомобилей (автослесарь), Норильск",,
Начальник технического сектора (Новосибирск),,
Ведущий инженер-конструктор,,
Медицинская сестра,49283,Медицинская сестра
Менеджер в отдел телефонных продаж,49291,Менеджер
Начальник участка сетей и подстанций (г. Новая Чара),,
Главный специалист отдела по работе с банками,,
Охранник,49701,Охранник
SMM-менеджер / контент-менеджер,,
Продавец-консультант Intimissimi (ТЦ Галерея/ТРЦ Сан Сити),,
Старший полицейский,,
Старший юрист по недвижимости,,
Директор по продажам,48477,Директор ипподрома
"Повар-лепщик (Центральный район, кафе)",,
Менеджер отдела оптовых продаж,,
"Руководитель отдела маркетинга, рекламы PR",,
Инженер QA/инженер программист в отдел обеспечения качества,,
Начинающий специалист по продажам (английский язык),,
Руководитель направления по развитию бизнеса (продажи B2B),,
Наладчик технологического оборудования,45098,Наладчик технологического оборудования
UX/UI Дизайнер,,
Расклейщик объявлений,,
Менеджер по продажам,49302,Менеджер по персоналу
Торговый агент/Мерчендайзер,,
"SEO-специалист/SEO-оптимизатор (Junior, Middle)",,
Графический дизайнер,,
Продавец-кассир,,
Администратор магазина (ТЦ Сан Сити),48015,Администратор зала
Менеджер по продажам рекламы на радио,,
Управляющий рестораном,50245,Управляющий трестом
Электрослесарь по ремонту электрооборудования электростанций,47610,Электрослесарь по ремонту электрооборудования электростанций
Инженер по качеству,48847,Инженер по качеству
Заместитель управляющего магазина (ТЦ Сибирский Молл),,
Медицинский представитель,,
Супервайзер формата супермаркет,,
Продавец-консультант (ТЦ Сибирский Молл),49890,Редактор-консультант
Руководитель отдела продаж по направлению Автоматизации Розничной Торговли,,
Менеджер по продажам строительных материалов,,
Офис-менеджер,49291,Менеджер
Дизайнер,,
Ведущий тендер-менеджер,,
Промоутер,,
Администратор гостиницы,48013,Администратор гостиницы (дома отдыха)
Главный энергетик (Черепаново),,
Инженер-проектировщик ПГС,48935,Инженер-проектировщик
Эксперт (Левый берег),,
Колорист-технолог,,
Оператор call-центра,,
Региональный менеджер по оптовым продажам по СФО,,
Специалист по недвижимости/ риэлтор,,
Прораб (дорожное строительство),,
Менеджер-логист (направление аренда спецтехники),,
Менеджер по закупу электронных компонентов,,
Аналитик,,
Замерщик-менеджер,,
Ведущий специалист по договорной работе ИТ,,
Охранник,49701,Охранник
Администратор-методист,48012,Администратор
Ассистент отдела,48063,Ассистент
Менеджер по продажам (офис мкр. Стрижи),,
"Менеджер по развитию (Управление ""Погашение кредитов"")",,
Оператор call-центра,,
Пиццамейкер,,
Мастер-прораб,,
Начальник Административно-Хозяйственного отдела (Академгородок),,
Менеджер по продажам,49302,Менеджер по персоналу
"Водитель карьерного самосвала (г. Магадан, Магаданская область)",,
"Инженер технической поддержки (техническая поддержка клиентов, сегмент b2b)",,
Товаровед супермаркета (Новосибирск),,
Региональный представитель,,
Швея / администратор швейного цеха,,
Осветитель,45719,Осветитель
Водитель штабелера/ричтрака (ул.Петухова),,
Бухгалтер по расчету заработной платы,,
Кладовщик,43976,Кладовщик
Главный специалист по кадровому делопроизводству,,
Специалист по строительству,,
Менеджер по работе с ключевыми клиентами малого бизнеса (Академгородок),,
Менеджер по продажам,49302,Менеджер по персоналу
Специалист по работе с клиентами,,
"Специалист отдела кредитования и страхования (автосалон), правый берег",,
Руководитель направления ремонта,,
Юрист,,
Руководитель отдела аналитики,,
Продавец в отдел Спальни и гардеробы в магазине ИКЕА,,
Руководитель отдела эксплуатации,,
Директор дивизиона,48543,Директор фонда
Офис-менеджер (р.п. Кольцово),,
Продавец-консультант профессиональной косметики,,
Администратор сервисного центра,,
Software Development Engineer Java,,
Senior Software Developer (dotCover),,
Senior Software Engineer,,
С++ blockchain разработчик,,
Врач акушер-гинеколог в женскую консультацию,,
"Врач-невролог (Р. Карелия, г. Сегежа)",,
Инженер проектировщик первичного оборудования и СОПТ,48935,Инженер-проектировщик
Врач-статистик,48154,Врач-статистик
Врач-оториноларинголог (300 000 рублей единовременная выплата),,
Настоящий Senior Android developer,,
"Директор магазина (Новосибирск, 8-й Порт-Артурский пер, 76)",,
Зоотехник по кормлению КРС,,
"Администратор (Новосибирск, ул Толстого, 117)",48016,Администратор кино
